user name,date,rating,title,comment
ComicConnoisseur33,2022-04-01,5,Love It!,"Ka-Pow! Comics Cafe is my new favorite spot. The coffee was amazing, and the comics selection was extensive. Loved the cozy atmosphere!"
LatteLover456,2022-04-05,5,Superhero Latte Delight,"The Superhero Latte at Ka-Pow! Comics Cafe is a delight! Creamy and perfectly balanced, with just the right amount of caramel syrup. Love the comic-themed decor and chill vibes."
CoffeeAndComicsFanatic77,2022-04-08,4,Great Spot!,"Enjoyed my time at Ka-Pow! Comics Cafe. The coffee was delicious, and the comics selection was impressive. The staff were friendly and helpful."
AnimeAddict1010,2022-04-10,3,Friendly Staff but Stale Pastries,"The staff, especially Taylor, were friendly and welcoming. However, I found the pastries to be stale, which affected my overall enjoyment of the visit. Quality control should be improved."
MangaMaster99,2022-04-12,5,A Manga Lover's Paradise,"If you're a manga enthusiast like me, you'll love Ka-Pow! Comics Cafe. The manga collection is extensive, and the themed drinks are a delightful touch. Can't get enough of this place!"
AnimeEnthusiast123,2022-04-15,5,Great Service and Manga Selection,"I had a great time at Ka-Pow! Comics Cafe! The staff, particularly Jordan, are helpful and friendly. The Black Widow Berry Bliss tea was delightful, and the manga selection is impressive."
ComicConnoisseur777,2022-04-18,5,Cozy Atmosphere and Friendly Staff,"I love the cozy atmosphere at Ka-Pow! Comics Cafe! The staff, especially Ryan, are friendly and make the best Iced Ka-pow! Cold Brew. The comic selection is excellent too!"
GraphicNovelGuru1010,2022-04-20,5,Taylor's Top-Notch Advice,"Taylor at Ka-Pow! Comics Cafe provided top-notch advice! Their knowledge of graphic novels is impressive, and they helped me find exactly what I was looking for. Outstanding service!"
MangaMagic123,2022-04-22,5,Fantastic Fairy Tail Marathon,"Spent the day at Ka-Pow! Comics Cafe watching a Fairy Tail marathon, and it was fantastic! The Superhero Latte kept me energized, and the friendly staff made sure everyone had a great time. Looking forward to the next anime event!"
CoffeeConnoisseur789,2022-04-25,5,Avery's Awesome Artisanal Baking,Avery at Ka-Pow! Comics Cafe is an awesome artisanal baker! The Comic Book Cookies they made were delicious and perfectly complemented my coffee. Avery's creativity and baking skills shine through!
ChaiChagrin1010,2022-04-27,2,Unsatisfying Wonder Woman Chai,"Found the Wonder Woman Chai at Ka-Pow! Comics Cafe unsatisfying. The spices were overpowering, and the vanilla flavor was barely discernible. Won't be ordering again."
MangaMagic22,2022-04-30,3,Decent Cafe,"Ka-Pow! Comics Cafe is a decent cafe. The coffee was okay, and the manga selection was good, but nothing exceptional. Expected a bit more from this place."
CoffeeAndComicsFanatic33,2022-05-03,5,Fantastic Cafe!,"Ka-Pow! Comics Cafe is a fantastic cafe for coffee and comics lovers. The coffee is delicious, and the comics selection is extensive. Love this place!"
MangaMagic99,2022-05-06,5,A Manga Lover's Paradise,"Ka-Pow! Comics Cafe is a paradise for manga lovers. The selection is vast, and the themed drinks are a nice touch. Will be back for sure!"
CappuccinoConnoisseur456,2022-05-09,5,Comic Cappuccino Perfection,"Perfection in every sip with the Comic Cappuccino at Ka-Pow! Comics Cafe! Rich espresso, creamy steamed milk, and perfectly frothed foam. Love the cozy seating and comic book selection!"
CappuccinoLover789,2022-05-11,5,Comic Cappuccino Coziness,"Cozied up with the Comic Cappuccino at Ka-Pow! Comics Cafe! Perfectly balanced with espresso, steamed milk, and foam. The cozy seating area and comic book collection make it a great place to unwind!"
ComicConnoisseur777,2022-05-14,5,Jamie's Comic Enthusiasm,Jamie at Ka-Pow! Comics Cafe is bursting with comic enthusiasm! She recommended some incredible titles and even shared some behind-the-scenes trivia. Great customer service!
ComicFanatic789,2022-05-17,5,Chris's Coffee Craftsmanship,Chris at Ka-Pow! Comics Cafe crafts coffee with care! The Pow! Mocha they prepared for me was indulgent and delicious. Chris's insights into the comic world make every visit memorable!
MangaMaven33,2022-05-19,5,A Must-Visit!,"Ka-Pow! Comics Cafe is a must-visit for manga lovers. The manga selection was incredible, and the themed drinks were a nice touch. Can't wait to come back!"
CoffeeAndComicsFan22,2022-05-21,5,Fan's Favorite Spot,"Ka-Pow! Comics Cafe is my favorite spot in the city. The coffee is delicious, and the comics selection is unbeatable. Can't recommend it enough!"
CoffeeAndComicsGuy,2022-05-23,5,Favorite Cafe in the City!,"Ka-Pow! Comics Cafe is hands down my favorite cafe in the city. The comic book-themed decor is awesome, the coffee is delicious, and the staff is always friendly. Love coming here!"
ComicCafeConnoisseur,2022-05-26,5,Connoisseur's Choice,"Ka-Pow! Comics Cafe is the connoisseur's choice for coffee and comics. The drinks are expertly crafted, and the atmosphere is perfect for indulging in your favorite comic. Love it here!"
ComicConnoisseur44,2022-05-29,5,Fantastic Experience!,"Had a fantastic experience at Ka-Pow! Comics Cafe. The coffee was delicious, and the atmosphere was lively. Can't wait to visit again!"
CoffeeAndComicsCrusader44,2022-06-01,5,Awesome Cafe!,"Ka-Pow! Comics Cafe is awesome! The coffee is delicious, and the comics selection is extensive. Love the cozy atmosphere!"
ComicFanatic789,2022-06-04,3,Helpful Staff but Limited Seating,"The staff, particularly Chris, were helpful and knowledgeable. However, I was disappointed by the limited seating available, especially during busy hours. Consider expanding the seating area!"
ComicFanatic789,2022-06-07,5,Great Service and Delicious Drinks,"Ka-Pow! Comics Cafe is my go-to spot for great drinks and friendly service! The staff, especially Taylor, are always helpful and make fantastic recommendations. The Pow! Mocha was divine!"
CoffeeAndComicsCraze,2022-06-10,4,Craze-Worthy Cafe,"Ka-Pow! Comics Cafe lives up to the hype. The coffee is exceptional, and the comic selection is impressive. Would love to see more seating options though."
GraphicNovelGuru1010,2022-06-13,5,A Haven for Comic Enthusiasts,"Ka-Pow! Comics Cafe is a haven for comic enthusiasts like me! The staff, particularly Jamie, are friendly and knowledgeable. The Pow! Mocha was divine, and the cozy ambiance made my visit enjoyable."
CoffeeAndComicsFan,2022-06-16,5,Perfect Blend of Comics and Coffee,"As a coffee lover and a comic fan, I couldn't ask for a better place than Ka-Pow! Comics Cafe. The atmosphere is cozy, and the coffee is exceptional. Will be back!"
MangaMagic66,2022-06-19,5,Love This Place!,"Ka-Pow! Comics Cafe is a fantastic spot for manga lovers. The selection is vast, and the themed drinks are a fun touch. Can't wait to come back!"
AmericanoAddict777,2022-06-22,5,Addicted to the Americano,"Addicted to the Americano at Ka-Pow! Comics Cafe! Bold and invigorating, just the way I like it. The cool comic book art and chill vibes make it the perfect hangout spot!"
AmericanoAddict777,2022-06-25,5,Addicted to the Americano,"Addicted to the Americano at Ka-Pow! Comics Cafe! Bold and invigorating, just the way I like it. A perfect start to my day!"
CoffeeAndComicsCrusader44,2022-06-28,5,Amazing Cafe!,"Ka-Pow! Comics Cafe is amazing! The coffee is top-notch, and the comics selection is extensive. Love the cozy atmosphere!"
CoffeeCompanion123,2022-07-02,5,Amazing Spider Espresso and Atmosphere,"Absolutely loved the Spider Espresso at Ka-Pow! Comics Cafe! Rich and bold, with a perfect hint of dark chocolate. The cozy atmosphere and friendly staff made the experience even better!"
ComicLover123,2022-07-05,5,Fantastic Service and Atmosphere,"I had a fantastic experience at Ka-Pow! Comics Cafe. The staff, especially Maya, were incredibly friendly and knowledgeable. The atmosphere was cozy, and the Superhero Latte was delicious!"
AnimeAdmirer1010,2022-07-08,5,Max's Musical Manga Mix,"Max at Ka-Pow! Comics Cafe gave me a musical manga mix! Not only did he recommend great manga, but also some awesome anime theme songs. Fantastic service!"
ComicCraze999,2022-07-11,5,Top-Notch Cafe!,"Ka-Pow! Comics Cafe is top-notch. The coffee is fantastic, and the comics selection is extensive. The staff are friendly and knowledgeable."
CoffeeAndComicsFanatic55,2022-07-14,4,Good Spot!,"Ka-Pow! Comics Cafe is a good spot for coffee and comics. The coffee is good, and the comics selection is decent. Would have liked more variety in the drinks menu though."
CosplayFan789,2022-07-17,5,Avery's Cosplay Creativity,Avery at Ka-Pow! Comics Cafe is a cosplay genius! She shared some incredible costume ideas and even helped me with cosplay makeup tips. Such creative and helpful service!
CoffeeAndComicsFanatic66,2022-07-20,5,Fantastic Experience!,"Had a fantastic experience at Ka-Pow! Comics Cafe. The coffee was delicious, and the comics selection was vast. Can't wait to come back!"
MangaMagic456,2022-07-23,5,Amazing Service and Delicious Drinks,"Ka-Pow! Comics Cafe never disappoints! The staff, especially Avery, provide amazing service and make delicious drinks. The Comic Book Cookies were fantastic, and the atmosphere was welcoming."
TeaTime333,2022-07-26,4,Classic Hot Tea Comfort,"Found comfort in the Classic Hot Tea at Ka-Pow! Comics Cafe! Assorted selection served hot, perfect for a relaxing afternoon. A classic choice!"
MangaMarvel,2022-07-29,5,Marvelous Manga Spot,"Ka-Pow! Comics Cafe is a marvelous spot for manga lovers. The selection is diverse, and the staff is always ready to recommend something new. Can't get enough of this place!"
EspressoEnthusiast123,2022-08-01,5,Alex's Exceptional Espresso Artistry,"Alex at Ka-Pow! Comics Cafe is a master of espresso artistry! The Spider Espresso they crafted for me was bold and flavorful, just the way I like it. Alex's comic knowledge makes every visit enjoyable!"
GraphicNovelGuru22,2022-08-04,5,Awesome Spot!,"Ka-Pow! Comics Cafe is an awesome spot for graphic novel enthusiasts. The selection is diverse, and the staff is friendly and helpful. Love it here!"
ComicMaven777,2022-08-07,5,Fantastic Service and Unique Atmosphere,"I had a fantastic time at Ka-Pow! Comics Cafe! The staff, particularly Alex, were welcoming and made the best Spider Espresso. The atmosphere is unique, and the selection of comics is impressive."
SidekickSnacker777,2022-08-10,4,Sidekicks Snack Pack Satisfaction,Satisfied my snack cravings with the Sidekicks Snack Pack at Ka-Pow! Comics Cafe! A perfect mix of nuts and trail mix. Fresh and tasty!
GraphicNovelGuru,2022-08-13,4,Great Atmosphere,Ka-Pow! Comics Cafe has a fantastic vibe. It's the perfect place to catch up on your favorite graphic novels while enjoying a tasty latte. Only downside is it can get a bit crowded during peak hours.
AnimeAdventurer,2022-08-16,5,Love This Place!,"Ka-Pow! Comics Cafe is a fantastic spot to hang out with friends or enjoy some alone time. The staff is friendly, the atmosphere is cozy, and the manga selection is top-notch."
MangaMaster777,2022-08-19,5,Riley's Manga Mastery,Riley at Ka-Pow! Comics Cafe is a manga master! They recommended some amazing series and even helped me understand the symbolism in certain panels. Outstanding service!
GraphicNovelGuru789,2022-08-22,4,Perfect Pairing: Pow! Mocha and Sandman,Found my perfect pairing at Ka-Pow! Comics Cafe: a Pow! Mocha and Sandman! The rich chocolatey goodness of the mocha heightened the dark and mysterious atmosphere of Neil Gaiman's classic. Highly recommend trying this!
CoffeeConnoisseur789,2022-08-25,5,Friendly Staff and Delicious Treats,"I love coming to Ka-Pow! Comics Cafe! The staff, especially Max, are always friendly and make delicious drinks. The Heroic Hazelnut Brew was amazing, and the pastries were divine."
CoffeeAndComicsFanatic66,2022-08-28,4,Good Cafe Overall,"Enjoyed my visit to Ka-Pow! Comics Cafe. The coffee was good, and the comics selection was decent. Could use more variety in the drinks menu though."
TeaLover1010,2022-09-01,5,Excellent Tea and Friendly Service,"Ka-Pow! Comics Cafe is my favorite spot for tea and comics! The staff, particularly Riley, provide excellent service and make delicious drinks. The Manga Macchiato was perfect!"
ComicFanatic789,2022-09-04,5,Chris's Coffee Craftsmanship,Chris at Ka-Pow! Comics Cafe is a master of coffee craftsmanship! The Pow! Mocha they prepared for me was rich and indulgent. Their friendly service and comic knowledge make every visit enjoyable!
CoffeeAndComicsFanatic33,2022-09-07,5,Love This Cafe!,"Ka-Pow! Comics Cafe is my favorite cafe in town! The coffee is amazing, and the comics selection is fantastic. Love the cozy atmosphere!"
TeaTime1010,2022-09-10,5,Classic Hot Tea Perfection,"Ka-Pow! Comics Cafe serves up classic hot tea perfection! Assorted selection, served hot with honey and lemon on request. A comforting choice!"
GraphicNovelGuru101,2022-09-13,5,Graphic Novel Paradise,"Ka-Pow! Comics Cafe is a paradise for graphic novel enthusiasts. The variety of titles available is astounding, and the themed drinks add to the experience. Will definitely be back!"
ComicConnoisseur55,2022-09-16,5,Fantastic Experience!,"Had a fantastic experience at Ka-Pow! Comics Cafe. The coffee was delicious, and the atmosphere was lively. Can't wait to visit again!"
EspressoEnthusiast456,2022-09-16,5,Pow! Mocha Perfection,Ka-Pow! Comics Cafe nails it with their Pow! Mocha! Rich chocolate blended perfectly with velvety espresso. Topped with whipped cream and cocoa powder. Absolutely divine!
MatchaMisery789,2022-09-19,3,Underwhelming Green Lantern Matcha Latte,"Expected more from the Green Lantern Matcha Latte at Ka-Pow! Comics Cafe. The matcha flavor was weak, and the drink lacked sweetness. Not worth the price."
MangaManiac789,2022-09-19,5,Fantastic Anime Atmosphere,The anime atmosphere at Ka-Pow! Comics Cafe is fantastic! It's great to enjoy a Manga Macchiato while catching up on the latest anime episodes. Kudos to the staff for creating such a cool vibe!
GraphicNovelGuru55,2022-09-22,4,Impressive Collection,"Ka-Pow! Comics Cafe has an impressive collection of graphic novels. The coffee was decent, and the atmosphere was relaxing. Would recommend for any comic book enthusiast."
OtakuGuru456,2022-09-22,5,Great Experience Watching One Piece,Had a great experience at Ka-Pow! Comics Cafe watching One Piece on the big screen! The Spider Espresso kept me fueled for the entire pirate adventure. Thanks to the friendly staff for making it a memorable experience!
TeaEnthusiast456,2022-09-25,5,Wonderful Experience Overall,"I had a wonderful experience at Ka-Pow! Comics Cafe! The staff, particularly Chris, were knowledgeable and made great recommendations. The Wonder Woman Chai was delicious, and the ambiance was perfect."
TeaLover789,2022-09-25,3,Great Service but Limited Tea Selection,"The staff, particularly Chris, provided excellent service and made me feel welcome. However, I was disappointed by the limited tea selection available. Would love to see more variety!"
MangaManiac88,2022-09-28,5,Great Manga Selection,"Ka-Pow! Comics Cafe has a great manga selection. The coffee was good, and the themed drinks were fun. Will definitely be back!"
EspressoEnthusiast123,2022-09-28,5,Great Coffee and Cozy Atmosphere,"Ka-Pow! Comics Cafe serves great coffee in a cozy atmosphere! The staff, especially Maya, are always welcoming and make delicious drinks. The Manga Macchiato was delightful!"
EspressoEclipse777,2022-10-02,3,Mediocre Manga Macchiato,"Tried the Manga Macchiato at Ka-Pow! Comics Cafe and found it mediocre. The espresso tasted stale, and the steamed milk was too hot, scalding my tongue. Not the quality I expected."
CoffeeAndComicsFanatic,2022-10-02,5,A Fanatic's Delight,"Ka-Pow! Comics Cafe is a delight for any coffee and comics fanatic. The drinks are delicious, and the comics collection is extensive. Love spending my weekends here!"
CoffeeAndComicsCrusader99,2022-10-05,4,Good Cafe Overall,"Enjoyed my visit to Ka-Pow! Comics Cafe. The coffee was good, and the comics selection was decent. Would have liked to see more variety in the drinks menu though."
CoffeeAndComicsFanatic66,2022-10-05,5,Fantastic Experience!,"Had a fantastic experience at Ka-Pow! Comics Cafe. The coffee was delicious, and the comics selection was vast. Can't wait to come back!"
ColdBrewConnoisseur456,2022-10-08,5,Iced Ka-pow! Cold Brew Refreshment,"The Iced Ka-pow! Cold Brew at Ka-Pow! Comics Cafe is my go-to refreshment! Smooth and bold, with just the right amount of kick. So refreshing!"
ComicCraze44,2022-10-08,5,Fun Spot!,"Had a fun time at Ka-Pow! Comics Cafe. The coffee was delicious, and the comics selection was impressive. Love the cozy atmosphere!"
GraphicNovelGuru22,2022-10-11,4,Great Cafe!,"Had a great time at Ka-Pow! Comics Cafe. The coffee was good, and the comics selection was impressive. Would have liked more seating options though."
GraphicNovelGuru123,2022-10-11,4,Perfect Pow! Mocha with Sandman,Indulged in the perfect Pow! Mocha while delving into the captivating world of Sandman at Ka-Pow! Comics Cafe. The rich chocolatey flavor of the mocha added an extra layer of enjoyment to Neil Gaiman's masterpiece.
OtakuLover456,2022-10-14,5,Perfect Anime Hangout,"Ka-Pow! Comics Cafe is the perfect hangout for anime lovers! The fact that they play anime on the screen makes it feel like home. Plus, the drinks are delicious and the staff are super friendly!"
GraphicNovelGuru99,2022-10-14,4,Excellent Spot for Graphic Novels,"Ka-Pow! Comics Cafe is an excellent spot for graphic novel enthusiasts. The selection is diverse, and the staff is knowledgeable. Will definitely return!"
MangaMania88,2022-10-17,5,Manga Madness!,"Ka-Pow! Comics Cafe is where manga madness meets coffee bliss. The manga selection is extensive, and the drinks are delicious. Can't wait to explore more titles!"
SnackPackSadness777,2022-10-17,3,Disappointing Sidekicks Snack Pack,"Ordered the Sidekicks Snack Pack at Ka-Pow! Comics Cafe and was disappointed. The nuts were stale, and the trail mix was bland. Not the quality I expected."
AnimeAddict789,2022-10-20,5,Chris Goes Above and Beyond,"Chris at Ka-Pow! Comics Cafe goes above and beyond! He not only helped me find the perfect anime, but also shared insightful trivia about the series. Exceptional service!"
MangaMagic99,2022-10-20,4,Enjoyable Cafe,"Enjoyed my time at Ka-Pow! Comics Cafe. The coffee was good, and the manga selection was impressive. Could use more comfortable seating though."
GraphicNovelGuru44,2022-10-23,5,Fantastic Cafe!,"Ka-Pow! Comics Cafe is fantastic! The coffee is delicious, and the comics selection is extensive. Love the cozy atmosphere!"
CoffeeAndComicsFanatic66,2022-10-23,4,Good Cafe Overall,"Enjoyed my visit to Ka-Pow! Comics Cafe. The coffee was good, and the comics selection was decent. Could use more variety in the drinks menu though."
CoffeeAndComicsGal,2022-10-26,4,Fun Concept,"Ka-Pow! Comics Cafe is a fun concept executed well. The coffee is great, and the comic-themed decor adds to the charm. Just wish they had a few more menu options."
ComicCraze44,2022-10-26,5,Fun Spot!,"Had a fun time at Ka-Pow! Comics Cafe. The coffee was delicious, and the comics selection was impressive. Love the cozy atmosphere!"
GraphicNovelGuru33,2022-10-29,4,Impressive Collection,"Ka-Pow! Comics Cafe has an impressive collection of graphic novels. The coffee was decent, and the atmosphere was relaxing. Would recommend for any comic book enthusiast."
CoffeeAndComicsCrusader33,2022-10-29,3,Disappointing Visit,"Was disappointed with my visit to Ka-Pow! Comics Cafe. The coffee was mediocre, and the comics selection was lacking. Expected better quality."
ComicEnthusiast456,2022-11-01,5,Awesome Cafe!,"Ka-Pow! Comics Cafe is awesome! The coffee is great, and the comics selection is extensive. Love the cozy atmosphere."
AnimeAddict789,2022-11-01,5,Fun Vibes and Delicious Drinks,"I love coming to Ka-Pow! Comics Cafe! The staff, especially Taylor, are always welcoming and make great recommendations. The Manga Macchiato was superb, and the atmosphere is fun and relaxed."
SidekickSnacker1010,2022-11-04,5,Sidekicks Snack Pack Happiness,Found happiness in the Sidekicks Snack Pack at Ka-Pow! Comics Cafe! A perfect assortment of nuts and trail mix. Great for a quick energy boost!
MangaMagic22,2022-11-04,4,Good Spot for Manga Fans,"Ka-Pow! Comics Cafe is a good spot for manga fans. The manga selection is decent, and the themed drinks are enjoyable. Would recommend!"
MangaManiac777,2022-11-07,5,A Manga Maniac's Paradise,"Ka-Pow! Comics Cafe is a paradise for manga maniacs. The manga selection is unparalleled, and the themed drinks are a fun touch. I'll be back for sure!"
SuperheroSandwichFan789,2022-11-07,5,Superhero Sandwich Satisfaction,Satisfied my hunger with the Superhero Sandwich at Ka-Pow! Comics Cafe! Packed with fresh ingredients and bursting with flavor. A satisfying meal!
CoffeeAndComicsCrusader,2022-11-10,5,A Coffee and Comics Crusade,"Embarked on a coffee and comics crusade at Ka-Pow! Comics Cafe and was not disappointed. The coffee is excellent, and the comics selection is extensive. A true gem!"
GraphicNovelGuru456,2022-11-10,3,Attentive Staff but Cold Coffee,"The staff, particularly Jamie, were attentive and provided good service. However, I was disappointed to receive cold coffee, which was not up to the usual standard. Hoping for better consistency in the future."
MangaMagic22,2022-11-13,5,Highly Recommended!,"Ka-Pow! Comics Cafe comes highly recommended. The manga selection is fantastic, and the themed drinks are delicious. Can't wait to visit again!"
ComicLover789,2022-11-13,5,Delightful Manga Macchiato with My Hero Academia,Ka-Pow! Comics Cafe never disappoints! Sipped on a delightful Manga Macchiato while diving into the world of My Hero Academia. The smoothness of the drink perfectly complemented the heroic adventures on the pages.
CoffeeAndComicsFanatic33,2022-11-16,5,Love This Cafe!,"Ka-Pow! Comics Cafe is my favorite cafe in town! The coffee is amazing, and the comics selection is fantastic. Love the cozy atmosphere!"
GraphicNovelGuru88,2022-11-16,4,A Guru's Haven,"Ka-Pow! Comics Cafe is a haven for graphic novel gurus like myself. The atmosphere is relaxed, and the staff is knowledgeable. Just wish they had a loyalty program for regulars."
TeaTime1010,2022-11-19,5,Thor's Thunder Oolong Wonder,"Discovered the wonder of Thor's Thunder Oolong at Ka-Pow! Comics Cafe! Robust with subtle sweetness, a true delight for any tea enthusiast!"
LatteLover456,2022-11-19,4,Superhero Latte Delight,"Tried the Superhero Latte at Ka-Pow! Comics Cafe and it was delightful! Creamy, with a hint of caramel syrup that added a lovely sweetness."
LatteLetdown456,2022-11-22,2,Disappointing Superhero Latte,"Ordered the Superhero Latte at Ka-Pow! Comics Cafe and was disappointed. The milk was over-steamed, making the drink too foamy, and the espresso tasted burnt. Not what I expected."
ComicCraze44,2022-11-22,4,Great Cafe!,"Ka-Pow! Comics Cafe is a great cafe for coffee and comics lovers. The coffee is delicious, and the comics selection is extensive. Love this place!"
GraphicNovelGuru77,2022-11-25,5,Awesome Place!,"Ka-Pow! Comics Cafe is an awesome place to hang out. The coffee is delicious, and the comics selection is extensive. Love the vibe here!"
GraphicNovelGuru1010,2022-11-25,5,Taylor's Terrific Tea Recommendations,Taylor at Ka-Pow! Comics Cafe provided terrific tea recommendations! The Wonder Woman Chai they suggested was exactly what I needed—spicy and fragrant. Their passion for graphic novels and beverages shines through!
OtakuLover456,2022-11-28,5,Great Time Watching My Hero Academia,"Had a great time at Ka-Pow! Comics Cafe watching My Hero Academia on the big screen! The Manga Macchiato was delicious, and the friendly staff made the experience even better. Definitely coming back for more!"
GraphicNovelGuru22,2022-11-28,4,Good Place for Graphic Novels,"Ka-Pow! Comics Cafe is a good place for graphic novel enthusiasts. The selection was diverse, and the staff were friendly. Enjoyed my visit."
GraphicNovelGuru777,2022-12-02,4,Solid Cafe,"Ka-Pow! Comics Cafe is a solid cafe for graphic novel enthusiasts. The selection is diverse, and the staff are helpful. Enjoyed my time here."
MangaMagic22,2022-12-02,4,Good Cafe Overall,"Had a good experience at Ka-Pow! Comics Cafe. The coffee was good, and the manga selection was decent. The only downside was that it was a bit crowded."
DisappointedDiner123,2022-12-05,2,Underwhelming Comic Book Cookies,Tried the Comic Book Cookies at Ka-Pow! Comics Cafe and was underwhelmed. They were dry and lacked flavor. Definitely not worth the hype.
TeaEnthusiast456,2022-12-05,4,Wonder Woman Chai Delight,"Delighted by the Wonder Woman Chai at Ka-Pow! Comics Cafe! Spicy and aromatic, with a hint of vanilla that adds a lovely sweetness. A delightful tea experience!"
GraphicNovelGuru55,2022-12-08,3,Not Impressed,"Wasn't impressed with Ka-Pow! Comics Cafe. The coffee was mediocre, and the comics selection was lacking. Expected more from this place."
ColdBrewConnoisseur1010,2022-12-08,4,Iced Ka-pow! Cold Brew Refreshment,"Refreshing refreshment from the Iced Ka-pow! Cold Brew at Ka-Pow! Comics Cafe! Smooth and bold, with a refreshing kick. Perfect for a warm day!"
MangaMastermind,2022-12-11,4,Great Manga Spot,"Ka-Pow! Comics Cafe is a great spot for manga lovers. The manga selection is vast, but the coffee could be a bit better. Still, I enjoy coming here."
ComicBookCritic,2022-12-11,4,Impressive Selection,"Ka-Pow! Comics Cafe has an impressive selection of comic books and graphic novels. The staff is helpful, and the coffee is decent. Would love to see more events or activities in the future."
EspressoEnthusiast123,2022-12-14,5,Excellent Coffee and Friendly Staff,"Ka-Pow! Comics Cafe serves excellent coffee, and the staff, especially Maya, are always friendly and helpful. The Manga Macchiato was delightful, and the cozy atmosphere made me feel right at home."
GraphicNovelGuru99,2022-12-14,4,Excellent Experience!,"Had an excellent experience at Ka-Pow! Comics Cafe. The coffee was delicious, and the comics selection was vast. Will definitely return!"
MangaMadness99,2022-12-17,5,A Manga Lover's Dream,"Ka-Pow! Comics Cafe is a dream come true for manga lovers. The manga selection is incredible, and the themed drinks are a nice touch. Will be back!"
MangaMagic33,2022-12-17,5,Excellent Cafe!,"Ka-Pow! Comics Cafe is an excellent cafe. The coffee was delicious, and the comics selection was vast. The staff were friendly and attentive. Will definitely return!"
ComicConnoisseur777,2022-12-20,5,Jamie's Enthusiastic Assistance,Jamie at Ka-Pow! Comics Cafe provided enthusiastic assistance! She's so passionate about comics and helped me explore new titles. Great customer service!
ComicConnoisseur777,2022-12-20,5,Jamie's Superb Superhero Latte,"Jamie at Ka-Pow! Comics Cafe makes a superb Superhero Latte! It was creamy and delicious, with just the right amount of sweetness. Jamie's enthusiasm for comics is infectious!"
ComicConnoisseur1010,2022-12-23,5,Delicious Manga Macchiato with My Hero Academia,Savored a delicious Manga Macchiato while following the adventures of My Hero Academia at Ka-Pow! Comics Cafe. The smoothness of the macchiato perfectly complemented the heroic action on the pages. Such a great reading experience!
CoffeeFan456,2022-12-23,3,Friendly Staff but Disappointing Coffee,"The staff, especially Maya, were incredibly friendly and welcoming. However, I found the Spider Espresso to be quite weak and disappointing. Hoping for better next time!"
ComicCraze33,2022-12-26,2,Not Recommended,"Would not recommend Ka-Pow! Comics Cafe. The coffee was subpar, and the comics selection was disappointing. Better options available elsewhere."
ComicEnthusiast123,2022-12-29,5,Fantastic Cafe!,"Ka-Pow! Comics Cafe is fantastic! Great coffee, extensive comic selection, and friendly staff. Love spending time here!"
ComicFanatic123,2023-01-01,5,Fantastic Service from Alex,Received fantastic service from Alex at Ka-Pow! Comics Cafe! They were incredibly knowledgeable about comics and made great recommendations. Friendly and helpful!
HotChocolateLover777,2023-01-01,5,Hot Chocolate Happiness,"Found happiness in the Hot Chocolate at Ka-Pow! Comics Cafe! Rich and indulgent, with the perfect balance of sweetness. The friendly staff and cozy ambiance make it a favorite spot!"
CoffeeAndComicsCrusader88,2023-01-04,5,Love This Place!,"Ka-Pow! Comics Cafe is my new favorite hangout spot. The coffee was amazing, and the comics selection was extensive. The staff were welcoming and made me feel right at home."
EspressoEnthusiast456,2023-01-04,5,Pow! Mocha Pleasure,Indulged in the Pow! Mocha at Ka-Pow! Comics Cafe and it was a pleasure! Rich chocolate blended perfectly with velvety espresso. The friendly baristas and comic-themed decor add to the experience!
MangaManiac789,2023-01-07,5,Awesome Attack on Titan Viewing Party,"Ka-Pow! Comics Cafe hosted an awesome Attack on Titan viewing party! The atmosphere was buzzing, the drinks were great, and watching the Titans on the screen was epic. Can't wait for the next event!"
BerryBlastFan789,2023-01-07,5,Black Widow Berry Bliss Love,"Fell in love with the Black Widow Berry Bliss tea at Ka-Pow! Comics Cafe! Fruity and refreshing, with a delightful blend of flavors. Simply amazing!"
GraphicNovelGuru66,2023-01-10,5,Fantastic Experience!,"Had a fantastic experience at Ka-Pow! Comics Cafe. The coffee was top-notch, and the staff was friendly and helpful. Can't wait to visit again!"
AnimeEnthusiast789,2023-01-10,5,Love the Anime Ambiance,"I love the anime ambiance at Ka-Pow! Comics Cafe! It's such a chill spot to hang out with friends, enjoy some great drinks, and watch anime on the screen. The staff are always friendly and make the experience even better!"
GraphicNovelGuru99,2023-01-13,4,Excellent Experience!,"Had an excellent experience at Ka-Pow! Comics Cafe. The coffee was delicious, and the comics selection was vast. Will definitely return!"
GraphicNovelGuru789,2023-01-13,3,Good Service but Slow Service,"The staff, especially Ryan, provided good service and were friendly. However, I found the service to be quite slow, especially during peak hours. Hoping for faster service next time!"
MangaMaven22,2023-01-16,5,Fantastic Cafe!,"Ka-Pow! Comics Cafe is fantastic! The manga selection is impressive, and the themed drinks are delicious. Can't wait to come back!"
ComicConnoisseur44,2023-01-16,5,Fantastic Experience!,"Had a fantastic experience at Ka-Pow! Comics Cafe. The coffee was delicious, and the atmosphere was lively. The staff were friendly and knowledgeable. Will definitely return!"
ComicGeek92,2023-01-19,5,Amazing Cafe for Comic Lovers,"Ka-Pow! Comics Cafe is a dream come true for comic enthusiasts like me. The ambiance is fantastic, the staff is friendly, and the coffee is top-notch. A must-visit!"
TeaTime123,2023-01-19,5,Bat Brew Earl Grey Bliss,"Found bliss in the Bat Brew Earl Grey at Ka-Pow! Comics Cafe! Fragrant and soothing, with the perfect hint of bergamot. The friendly staff and cool comic book art make it a must-visit!"
CoffeeAndComicsFanatic88,2023-01-22,5,A Hidden Gem!,"Ka-Pow! Comics Cafe is a hidden gem in the city. The staff is friendly, the atmosphere is cozy, and the comics selection is impressive. Will be back!"
GraphicNovelGal,2023-01-22,5,"Great Coffee, Great Comics","Ka-Pow! Comics Cafe is the perfect combination of great coffee and great comics. The staff is knowledgeable, and the atmosphere is cozy. Definitely worth a visit!"
HotChocolateLover789,2023-01-25,4,Hot Chocolate Indulgence,"Indulged in the Hot Chocolate at Ka-Pow! Comics Cafe and it was delightful! Rich and indulgent, with a perfect balance of sweetness."
CosplayFan789,2023-01-25,5,Avery's Cosplay Creativity,Avery at Ka-Pow! Comics Cafe is a cosplay genius! She shared some incredible costume ideas and even gave me tips for crafting. Such creative and helpful service!
GraphicNovelGuru44,2023-01-28,4,Great Spot for Graphic Novels,"Ka-Pow! Comics Cafe is a great spot for graphic novel enthusiasts. The selection was diverse, and the staff were helpful. The only downside was that it got a bit busy during peak hours."
CoffeeEnthusiast23,2023-02-01,4,"Great Coffee, Cozy Atmosphere","Ka-Pow! Comics Cafe is a great spot to enjoy a cup of coffee and dive into a good book. The atmosphere is cozy, and the coffee is always fresh. Only wish they had more seating options."
MangaManiac88,2023-02-04,4,Great Spot for Manga Fans,"Ka-Pow! Comics Cafe is a great spot for manga fans. The manga selection is impressive, and the themed drinks are a fun touch. Enjoyed my visit!"
CoffeeAndComicsFanatic33,2023-02-07,5,Amazing Cafe!,"Ka-Pow! Comics Cafe is amazing! The coffee is top-notch, and the comics selection is extensive. Love the cozy atmosphere!"
ComicFan789,2023-02-10,5,Awesome Spider Espresso with Death Note,Enjoyed an awesome Spider Espresso while immersed in the thrilling world of Death Note at Ka-Pow! Comics Cafe. The boldness of the coffee perfectly matched the intensity of the manga. Such a great way to spend the afternoon!
ComicCookieFan777,2023-02-13,4,Comic Book Cookie Crunch,"Craving satisfied with the Comic Book Cookies at Ka-Pow! Comics Cafe! Crisp on the outside, soft on the inside, and packed with chocolate chips. Delicious!"
AnimeFan123,2023-02-16,5,Love the Naruto Marathon,"Ka-Pow! Comics Cafe hosted a Naruto marathon, and it was amazing! I spent the entire afternoon sipping on my Superhero Latte and getting lost in the world of ninjas. Can't wait for the next anime event!"
MangaMaven22,2023-02-19,5,A Must-Visit!,"Ka-Pow! Comics Cafe is a must-visit for manga lovers. The manga selection was incredible, and the themed drinks were a nice touch. Can't wait to come back and explore more titles."
MangaMaven99,2023-02-22,5,Highly Recommended!,"Ka-Pow! Comics Cafe comes highly recommended. The manga selection is fantastic, and the themed drinks are a nice touch. Will be back for sure!"
MangaMuffinMan333,2023-02-25,5,Manga Muffin Marvel,"Marveling at the deliciousness of the Manga Muffins at Ka-Pow! Comics Cafe! Moist, fluffy, and bursting with flavor. Perfect with a cup of coffee!"
CaffeineCritic123,2023-02-28,5,Spider Espresso Perfection,"Ka-Pow! Comics Cafe serves up the perfect Spider Espresso! Bold and rich, with just the right hint of dark chocolate. A caffeine lover's dream!"
EspressoFan789,2023-03-04,5,Spider Espresso Satisfaction,"Satisfied my caffeine cravings with the Spider Espresso at Ka-Pow! Comics Cafe! Bold and rich, with a subtle hint of dark chocolate. Perfectly brewed!"
GraphicNovelGuru777,2023-03-07,5,Guru's Delight,"Ka-Pow! Comics Cafe is a delight for graphic novel gurus like myself. The selection is diverse, and the themed drinks are a fun touch. A must-visit for any comic enthusiast!"
AnimeAficionado789,2023-03-10,5,Chris's Anime Expertise,Chris at Ka-Pow! Comics Cafe is an anime aficionado! He recommended some amazing series and even helped me understand the cultural references. Outstanding service!
CoffeeConnoisseur789,2023-03-10,5,Friendly Staff and Great Coffee,"I had a great time at Ka-Pow! Comics Cafe! The staff, especially Max, are friendly and make great coffee. The Heroic Hazelnut Brew was delicious, and the cozy vibe made my visit enjoyable."
MangaManiac789,2023-03-12,4,Fantastic Superhero Latte with Death Note,Had a fantastic Superhero Latte while delving into the thrilling world of Death Note at Ka-Pow! Comics Cafe. The creamy sweetness of the latte balanced out the intensity of the manga. A perfect combination for an enjoyable reading session!
CoffeeAndComicsEnthusiast,2023-03-13,4,Enthusiast Approved,"Ka-Pow! Comics Cafe is enthusiast approved! The coffee is fantastic, and the comic selection is vast. Only downside is it can get a bit noisy during peak hours."
MangaManiac22,2023-03-14,4,Great Cafe for Manga Fans,"Ka-Pow! Comics Cafe is a great spot for manga fans. The manga selection is impressive, and the themed drinks are a fun touch. Enjoyed my visit!"
GraphicNovelGuru44,2023-03-16,5,Great Experience!,"Had a great experience at Ka-Pow! Comics Cafe. The coffee was delicious, and the atmosphere was vibrant and welcoming. The staff were friendly and knowledgeable, making recommendations that perfectly matched my tastes. I particularly enjoyed exploring their extensive graphic novel collection while sipping on my latte. Can't wait to visit again soon!"
ComicsConnoisseur,2023-03-16,5,A Hidden Gem,"Stumbled upon Ka-Pow! Comics Cafe and was pleasantly surprised. The selection of comics and graphic novels is impressive, and the coffee is excellent. Will definitely be returning!"
TeaEnthusiast456,2023-03-18,3,Friendly Staff but Watery Tea,"The staff, especially Maya, were friendly and made great recommendations. However, I was disappointed by the watery consistency of the tea I ordered. Quality could be improved."
MangaEnthusiast456,2023-03-20,5,Amazing Experience!,"Ka-Pow! Comics Cafe never fails to impress. The coffee is delicious, and the comics selection is vast. Love spending time here!"
CoffeeAndComicsFanatic88,2023-03-22,5,Fantastic Place!,"Ka-Pow! Comics Cafe is fantastic! The coffee was delicious, and the comics selection was impressive. The staff were friendly and helpful. Will definitely be back!"
MangaMagic77,2023-03-24,5,Great Manga Spot,"Ka-Pow! Comics Cafe is a great spot for manga enthusiasts. The manga selection is extensive, and the staff is friendly and helpful. Will definitely be back!"
CoffeeAndComicsFanatic77,2023-03-26,5,Excellent Cafe!,"Ka-Pow! Comics Cafe is excellent! The coffee is delicious, and the comics selection is vast. Love spending time here!"
TeaEnthusiast789,2023-03-28,5,Wonder Woman Chai Wonder,"Discovered a wonder in the Wonder Woman Chai at Ka-Pow! Comics Cafe! Spicy and fragrant, with a delightful hint of vanilla. The extensive comic book collection adds to the charm!"
MangaMania456,2023-03-30,5,Maya's Marvelous Recommendations,Maya at Ka-Pow! Comics Cafe gave me marvelous recommendations! She's so passionate about manga and helped me discover new series to read. Amazing customer service!
GraphicNovelGuru44,2023-04-01,5,Excellent Cafe!,"Ka-Pow! Comics Cafe is excellent! The coffee is delicious, and the staff is friendly and knowledgeable. Love the cozy atmosphere!"
TeaEnthusiast456,2023-04-03,5,Maya's Marvelous Matcha Latte,"Maya at Ka-Pow! Comics Cafe makes a marvelous matcha latte! It was creamy and perfectly balanced, just the way I like it. Maya's expertise in both manga and beverages is impressive!"
MangaMaven,2023-04-05,4,A Maven's Must-Visit,"Ka-Pow! Comics Cafe is a must-visit for manga mavens. The manga selection is extensive, and the staff is always helpful. Just wish they had a wider variety of pastries."
MangaMadness88,2023-04-07,5,A Manga Lover's Paradise,"Ka-Pow! Comics Cafe is a paradise for manga lovers. The selection is vast, and the themed drinks are a nice touch. Can't wait to explore more titles!"
GraphicNovelGuru77,2023-04-09,4,Excellent Spot for Graphic Novels,"Ka-Pow! Comics Cafe is an excellent spot for graphic novel enthusiasts. The selection is diverse, and the staff is knowledgeable. Will definitely return!"
MangaMagic22,2023-04-11,4,Good Spot for Manga Fans,"Ka-Pow! Comics Cafe is a good spot for manga fans. The manga selection is decent, and the themed drinks are enjoyable. Would recommend!"
MangaManiac22,2023-04-13,4,Cozy Cafe,"Ka-Pow! Comics Cafe had a cozy atmosphere that was perfect for reading comics. The coffee was decent, and the manga selection was good. Overall, a pleasant experience."
GraphicNovelGuru22,2023-04-15,3,Disappointing Experience,"Was excited to visit Ka-Pow! Comics Cafe, but left feeling disappointed. The coffee was mediocre, and the comics selection didn't live up to the hype. Needs improvement."
ChaiLover333,2023-04-17,4,Wonder Woman Chai Satisfaction,Satisfied my chai cravings with the Wonder Woman Chai at Ka-Pow! Comics Cafe! Spiced just right with a hint of vanilla. So comforting!
MangaMaven456,2023-04-19,5,Maya's Manga Recommendations,Maya at Ka-Pow! Comics Cafe gave me incredible manga recommendations! She's so passionate about manga and helped me find the perfect series to dive into. Amazing service!
CappuccinoConnoisseur777,2023-04-21,5,Comic Cappuccino Perfection,"Perfection in every sip with the Comic Cappuccino at Ka-Pow! Comics Cafe! Rich espresso, creamy steamed milk, and perfectly frothed foam. Love the cozy seating and comic book selection!"
SuperheroSandwichLover456,2023-04-23,4,Superhero Sandwich Savory,Savored every bite of the Superhero Sandwich at Ka-Pow! Comics Cafe! Fresh ingredients and hearty portions. Definitely hit the spot!
MatchaManiac777,2023-04-25,5,Green Lantern Matcha Latte Love,"Fell in love with the Green Lantern Matcha Latte at Ka-Pow! Comics Cafe! Creamy and vibrant, with a perfect balance of matcha and steamed milk. The comic-themed decor adds to the fun atmosphere!"
CoffeeFanatic1010,2023-04-27,4,Pow! Mocha Heaven,Indulged in the Pow! Mocha at Ka-Pow! Comics Cafe and it was heavenly! Rich chocolate blended perfectly with velvety espresso. Will definitely order again!
MangaMaster777,2023-04-29,5,Riley's Manga Mastery,Riley at Ka-Pow! Comics Cafe is a manga master! They recommended some amazing series and even helped me with manga drawing techniques. Exceptional service!
GraphicNovelGuru55,2023-05-01,4,Great Spot for Graphic Novels,"Ka-Pow! Comics Cafe is a great spot for graphic novel enthusiasts. The selection was diverse, and the staff were helpful. The only downside was that it got a bit busy during peak hours."
MangaMagic888,2023-05-03,5,Excellent Experience!,"Had an excellent experience at Ka-Pow! Comics Cafe. The coffee was delicious, and the atmosphere was vibrant. Can't wait to come back!"
MangaMagic456,2023-05-05,5,Jordan's Manga Recommendations,Jordan at Ka-Pow! Comics Cafe gave me amazing manga recommendations! They were so helpful and even suggested some lesser-known gems. Outstanding service!
MangaMagic99,2023-05-07,4,Enjoyable Cafe,"Enjoyed my time at Ka-Pow! Comics Cafe. The coffee was good, and the manga selection was impressive. Could use more comfortable seating though."
CoffeeAndComicsFanatic55,2023-05-09,4,Good Cafe,"Enjoyed my time at Ka-Pow! Comics Cafe. The coffee was good, and the comics selection was decent. Could use more comfortable seating though."
TeaEnthusiast456,2023-05-11,5,Maya's Magnificent Matcha Mastery,Maya at Ka-Pow! Comics Cafe masters matcha with magnificence! The Green Lantern Matcha Latte they prepared for me was creamy and vibrant. Maya's passion for manga and beverages is evident in every cup!
TeaTime1010,2023-05-13,5,Thor's Thunder Oolong Wonder,"Discovered the wonder of Thor's Thunder Oolong at Ka-Pow! Comics Cafe! Robust with subtle sweetness, a true delight for any tea enthusiast! Love the relaxed atmosphere and friendly staff!"
CoffeeLover123,2023-05-15,5,Alex's Amazing Espresso Skills,Alex at Ka-Pow! Comics Cafe has amazing espresso skills! The Spider Espresso they made for me was perfect—bold and flavorful. Their friendly demeanor made my visit even better!
LatteLover101,2023-05-17,5,Superhero Latte Heaven,"Ka-Pow! Comics Cafe never disappoints with their Superhero Latte! Creamy and indulgent, with the perfect balance of espresso and caramel syrup. Absolutely heavenly!"
MangaMagic456,2023-05-19,5,Cozy Atmosphere and Expert Staff,"Ka-Pow! Comics Cafe has a cozy atmosphere and expert staff! Avery was especially helpful and made the best Comic Book Cookies. The coffee was delicious, and the vibe was just right."
CoffeeAndComicsFanatic55,2023-05-21,5,Love This Place!,"Ka-Pow! Comics Cafe is my favorite spot in the city. The coffee is delicious, and the comics selection is unbeatable. Can't recommend it enough!"
TeaTime789,2023-05-23,5,Bat Brew Earl Grey Bliss,"Found bliss in the Bat Brew Earl Grey at Ka-Pow! Comics Cafe! Fragrant and soothing, with the perfect hint of bergamot. The friendly staff and cool comic book art make it a must-visit!"
ComicCraze22,2023-05-25,4,Fun Cafe,"Had a fun time at Ka-Pow! Comics Cafe. The coffee was good, and the atmosphere was lively. Wish they had more events or activities though."
ColdBrewConnoisseur456,2023-05-29,5,Iced Ka-pow! Cold Brew Refreshment,"Refreshing refreshment from the Iced Ka-pow! Cold Brew at Ka-Pow! Comics Cafe! Smooth and bold, with a refreshing kick. Love the relaxed atmosphere and comic-themed decor!"
TeaTime123,2023-05-31,5,Bat Brew Earl Grey Excellence,"Ka-Pow! Comics Cafe nailed it with their Bat Brew Earl Grey! Fragrant and flavorful, with just the right amount of bergamot. A tea lover's delight!"
ComicConnoisseur456,2023-06-02,5,Amazing Spider Espresso with Saga,Ka-Pow! Comics Cafe is my go-to spot for an amazing Spider Espresso and Saga combo! The boldness of the coffee perfectly complements the epic storytelling of Brian K. Vaughan and Fiona Staples. A match made in comic heaven!
VeganVillain456,2023-06-04,4,Villainous Vegan Brownie Delight,"Delighted by the Villainous Vegan Brownies at Ka-Pow! Comics Cafe! Rich and chocolatey, with a perfect fudgy texture. Couldn't even tell they were vegan!"
GraphicNovelGuru1010,2023-06-06,5,Perfect Spot for Comic Fans,"Ka-Pow! Comics Cafe is the perfect spot for comic fans! The staff, particularly Jamie, are passionate about comics and always make great recommendations. The Superhero Latte was delicious!"
CoffeeAndComicsCrusader66,2023-06-08,3,Disappointed,"Left Ka-Pow! Comics Cafe feeling disappointed. The coffee was average, and the comics selection was lacking. Expected more."
GraphicNovelGuru22,2023-06-10,5,Awesome Spot!,"Ka-Pow! Comics Cafe is an awesome spot for graphic novel enthusiasts. The selection is diverse, and the staff is friendly and helpful. Love it here!"
MangaMania55,2023-06-12,4,Good Cafe for Manga Fans,"Ka-Pow! Comics Cafe is a good spot for manga fans. The manga selection is decent, but the coffee could be improved. Still, a nice place to relax."
CoffeeAndComicsCrusader44,2023-06-14,4,Great Place to Hang Out,"Ka-Pow! Comics Cafe is a great place to hang out. The coffee is good, and the comics selection is extensive. Would have liked more seating options though."
CoffeeAndComicsFanatic99,2023-06-16,4,"Good Coffee, Great Comics","Enjoyed my visit to Ka-Pow! Comics Cafe. The coffee was good, and the comics selection was great. The only downside was that it was a bit noisy at times."
TeaLover1010,2023-06-18,5,Great Place for Tea and Comics,"Ka-Pow! Comics Cafe is a great place to enjoy tea and comics! Riley was incredibly friendly and made a perfect Manga Macchiato. The selection of teas is excellent, and the staff are knowledgeable."
TeaEnthusiast456,2023-06-20,5,Green Lantern Matcha Latte Love,"Absolutely loved the Green Lantern Matcha Latte at Ka-Pow! Comics Cafe! Creamy and vibrant, with a perfect balance of matcha and steamed milk. The comic-themed decor adds to the fun atmosphere!"
MangaMagic456,2023-06-22,5,Jordan's Joyful Juice Crafting,Jordan at Ka-Pow! Comics Cafe crafts joyful juices! The Hulk Herbal Infusion they prepared for me was soothing and flavorful. Jordan's knowledge of manga and beverages is impressive!
MangaMania789,2023-06-24,5,Amazing Assassination Classroom Screening,"Had an amazing time at Ka-Pow! Comics Cafe watching an Assassination Classroom screening! The Manga Macchiato was divine, and the atmosphere was lively. Big thanks to the staff for making it an unforgettable experience!"
CoffeeAndComicsConnoisseur,2023-06-26,5,Connoisseur's Choice,"As a connoisseur of both coffee and comics, I can confidently say that Ka-Pow! Comics Cafe is a top choice. The drinks are expertly crafted, and the comics collection is extensive. Highly recommend!"
MangaMadness,2023-06-28,5,A Hidden Gem!,"Ka-Pow! Comics Cafe is a hidden gem in the city. The selection of manga is impressive, and the themed drinks are a fun touch. I could spend hours here!"
CoffeeAndComicsConnoisseur22,2023-06-30,4,Great Place to Relax,"Ka-Pow! Comics Cafe is a great place to relax and unwind. The coffee is good, and the comics selection is decent. Would recommend for a chill afternoon."
MangaMagic99,2023-07-02,5,A Manga Lover's Paradise,"Ka-Pow! Comics Cafe is a paradise for manga lovers. The selection is vast, and the themed drinks are a nice touch. Will be back for sure!"
ComicConnoisseur22,2023-07-04,5,Fantastic Cafe!,"Ka-Pow! Comics Cafe is fantastic! The coffee is great, and the comics selection is extensive. Love spending time here!"
EspressoEnthusiast789,2023-07-06,5,Spider Espresso Excellence,"Ka-Pow! Comics Cafe serves up excellence with their Spider Espresso! Bold and flavorful, with a smooth finish. The friendly staff and cozy seating area make it the perfect spot to relax."
ComicCraze55,2023-07-08,5,Love It Here!,"Ka-Pow! Comics Cafe is my new favorite spot. The coffee was great, and the comics selection was vast. The atmosphere was perfect for spending hours browsing through comics."
ComicCookieFan123,2023-07-10,5,Comic Book Cookie Love,Absolutely loved the Comic Book Cookies at Ka-Pow! Comics Cafe! Freshly baked and packed with chocolate chips. A perfect snack while reading comics!
CappuccinoLover789,2023-07-12,4,Comic Cappuccino Coziness,"Cozied up with the Comic Cappuccino at Ka-Pow! Comics Cafe! Perfectly balanced with espresso, steamed milk, and foam. A dusting of cinnamon adds a delightful touch!"
ComicCollector88,2023-07-14,5,A Collector's Dream,"Ka-Pow! Comics Cafe is a collector's dream come true. The selection of rare comics and memorabilia is impressive, and the staff is knowledgeable. Can't wait to come back!"
AnimeAddict1010,2023-07-16,5,Awesome Anime Selection,Ka-Pow! Comics Cafe has an awesome anime selection playing on the screen! It's like having my own personal anime marathon while enjoying delicious drinks. Love the cozy atmosphere and friendly staff!
MangaMania23,2023-07-18,4,Fun Spot for Manga Fans,Had a great time at Ka-Pow! Comics Cafe. Loved the manga selection and the themed drinks. Would definitely recommend!
MangaMuncher,2023-07-20,4,Fun Spot to Relax,"Ka-Pow! Comics Cafe is a fun spot to relax and unwind. The manga selection is great, and the themed drinks are a nice touch. Just wish they had more comfortable seating options."
ComicConnoisseur99,2023-07-22,5,Wonderful Experience!,"Ka-Pow! Comics Cafe provided a wonderful experience. The coffee was excellent, and the comics selection was vast. Highly recommended!"
AnimeEnthusiast123,2023-07-24,5,Ryan's Anime Expertise,Ryan at Ka-Pow! Comics Cafe is an anime expert! He recommended some amazing series and even gave me insights into the creators' backgrounds. Fantastic service!
MangaMagic99,2023-08-01,5,Great Manga Cafe!,"Ka-Pow! Comics Cafe is a great spot for manga enthusiasts. The manga selection is vast, and the staff is friendly and knowledgeable. Will definitely return!"
GraphicNovelGuru22,2023-08-03,4,Great Cafe!,"Had a great time at Ka-Pow! Comics Cafe. The coffee was good, and the comics selection was impressive. Would have liked more seating options though."
CoffeeAndComicsFanatic44,2023-08-05,5,A Favorite Spot!,"Ka-Pow! Comics Cafe is one of my favorite spots to hang out. The coffee is great, and the comics selection is impressive. Can't get enough of this place!"
ComicMaven777,2023-08-07,5,Riley's Radiant Beverage Crafting,Riley at Ka-Pow! Comics Cafe crafts radiant beverages! The Manga Macchiato they prepared for me was magical—perfectly balanced and full of flavor. Riley's origami skills are an added bonus!
GraphicNovelGuru1010,2023-08-09,5,Taylor's Graphic Novel Guidance,"Taylor at Ka-Pow! Comics Cafe provided excellent guidance on graphic novels! Their recommendations were spot-on, and they helped me find exactly what I was looking for. Fantastic service!"
MatchaMan456,2023-08-11,4,Manga Macchiato Magic,"Tried the Manga Macchiato at Ka-Pow! Comics Cafe and it was magical! Perfectly balanced with just the right amount of steamed milk, topped with a delicate foam. The espresso 'stain' added a delightful depth of flavor. A truly enchanting experience for any coffee enthusiast!"
CoffeeAndComicsCrusader44,2023-08-13,5,Fantastic Experience!,"Had a fantastic experience at Ka-Pow! Comics Cafe. The coffee was delicious, and the atmosphere was lively. Can't wait to visit again!"
LatteLover101,2023-08-15,5,The Best Cafe in Town!,"Ka-Pow! Comics Cafe never disappoints. The staff is always friendly, the coffee is consistently delicious, and the atmosphere is unbeatable. Highly recommend!"
GraphicNovelGuru33,2023-08-17,5,Great Spot for Graphic Novel Enthusiasts,"Ka-Pow! Comics Cafe is a great spot for graphic novel enthusiasts. The staff is knowledgeable, and the atmosphere is inviting. Love coming here!"
TeaLover1010,2023-08-19,5,Max's Marvelous Manga Mix,Max at Ka-Pow! Comics Cafe mixed up a marvelous manga-inspired tea! The Black Widow Berry Bliss tea was fruity and refreshing. Max's passion for manga and beverages adds to the experience!
ComicEnthusiast123,2023-08-21,5,Alex's Comic Knowledge,Alex at Ka-Pow! Comics Cafe is a fountain of comic knowledge! They recommended some fantastic series and even shared some insider insights. Exceptional service!
ComicCraze44,2023-08-23,4,Fun Spot!,"Had a fun time at Ka-Pow! Comics Cafe. The coffee was good, and the comics selection was decent. Would have liked to see more seating options though."
ComicConnoisseur55,2023-08-25,5,Wonderful Cafe!,"Ka-Pow! Comics Cafe exceeded my expectations. The coffee was top-notch, and the comics selection was vast. Loved the cozy atmosphere!"
ComicConnoisseur1010,2023-08-27,3,Helpful Staff but Overpriced Pastries,"The staff, especially Taylor, were knowledgeable and made great recommendations. However, I found the pastries to be overpriced for the portion size. Hope they reconsider their pricing!"
TeaTime333,2023-08-29,5,Classic Hot Tea Comfort,"Ka-Pow! Comics Cafe serves up classic hot tea comfort! Assorted selection served hot, perfect for a relaxing afternoon. Love the chill vibes and cool comic book memorabilia!"
SuperSipper,2023-08-31,5,Favorite Spot in the Neighborhood,"Ka-Pow! Comics Cafe has become my go-to spot for coffee and comics. The staff is knowledgeable, and the drinks are always on point. Love spending time here!"
AnimeFan123,2023-09-02,5,Love the Anime Vibes,"I absolutely love the anime vibes at Ka-Pow! Comics Cafe! It's so cool to sip my coffee while watching my favorite anime on the screen. Great drinks, friendly staff, and awesome ambiance!"
MangaMagic66,2023-09-04,5,Highly Recommended!,"Ka-Pow! Comics Cafe comes highly recommended. The manga selection is excellent, and the staff is friendly and helpful. Will definitely return!"
MangaMayhem,2023-09-06,4,Manga Lover's Haven,"As a manga lover, I felt right at home at Ka-Pow! Comics Cafe. The manga selection is vast, and the staff is friendly and helpful. Just wish they stayed open a bit later."
EspressoFan777,2023-09-08,4,Espresso Shot Satisfaction,"Satisfied my espresso cravings at Ka-Pow! Comics Cafe! Strong and bold, just the way I like it. Perfect pick-me-up!"
MangaMagic44,2023-10-20,4,Solid Cafe,"Ka-Pow! Comics Cafe is a solid choice for manga lovers. The manga selection was good, and the themed drinks were fun. The only downside was that it got a bit crowded during peak hours."
MangaMuffinMan456,2023-10-22,4,Manga Muffin Madness,"Indulged in the Manga Muffins at Ka-Pow! Comics Cafe and they were delicious! Moist and flavorful, with just the right amount of blueberries. A tasty treat!"
AnimeAddict87,2023-10-24,5,Love This Place!,"Ka-Pow! Comics Cafe is my go-to spot for a chill afternoon. The staff is always welcoming, and the anime-themed drinks are delicious. Can't recommend it enough!"
MangaMagic,2023-10-26,4,Great Place to Discover New Manga,"Ka-Pow! Comics Cafe is a great place to discover new manga titles. The staff recommendations are always spot on, and the atmosphere is inviting. Wish they had more seating though."
VanillaBeanFan333,2023-10-28,5,Heroic Hazelnut Brew Happiness,Found happiness in the Heroic Hazelnut Brew at Ka-Pow! Comics Cafe! Smooth blend with a swirl of whipped cream. Absolutely delightful!
MangaMania456,2023-10-30,5,Great Coffee and Comic Selection,"Ka-Pow! Comics Cafe is a gem! The staff, particularly Chris, are passionate and helpful. The coffee is top-notch, and the selection of comics is impressive. Can't wait to visit again!"
CoffeeAndComicsCrusader66,2023-11-01,5,Love This Place!,"Ka-Pow! Comics Cafe is my new favorite hangout spot. The coffee was amazing, and the comics selection was extensive. The staff were welcoming and made me feel right at home."
AnimeLover1010,2023-11-03,5,Great Time Watching Demon Slayer,Ka-Pow! Comics Cafe hosted a great Demon Slayer screening! Sipping on my Spider Espresso while watching Tanjiro and Nezuko battle demons was exhilarating. The friendly staff made sure everyone had a fantastic time!
ComicCraze123,2023-11-05,5,Perfect Hangout Spot,"Ka-Pow! Comics Cafe is the perfect hangout spot for comic enthusiasts. The coffee is fantastic, the atmosphere is inviting, and the staff is always welcoming. Can't recommend it enough!"
CoffeeAndComicsFanatic1010,2023-11-07,5,Love This Place!,"Ka-Pow! Comics Cafe is my go-to spot. The coffee is amazing, and the comics selection is vast. Love the laid-back atmosphere."
CoffeeLover1010,2023-11-09,3,Attentive Staff but Burnt Coffee,"The staff, particularly Alex, were attentive and accommodating. However, I was disappointed to find that my coffee was burnt, affecting the overall taste. Disappointing experience."
MarvelousMelissa,2023-11-11,4,Great Place to Hang Out,"Ka-Pow! Comics Cafe is a cozy spot to relax, read comics, and enjoy a cup of coffee. Loved the variety of drinks available. Just wish they had a few more pastry options."
ComicMaven777,2023-11-13,5,Perfect Place for Coffee and Comics,"Ka-Pow! Comics Cafe is the perfect place to enjoy coffee and comics! The staff, especially Alex, are friendly and knowledgeable. The Spider Espresso was fantastic, and the comic selection is impressive."
MangaMaven99,2023-11-15,3,Average Cafe,"Ka-Pow! Comics Cafe is just average. The coffee was okay, and the comics selection was nothing special. Expected more from this place."
MangaManiac77,2023-11-17,4,Good Manga Selection,"Enjoyed my time at Ka-Pow! Comics Cafe. The manga selection was extensive, and the atmosphere was cozy. The coffee could have been a bit stronger, but overall a pleasant experience."
MangaManiac99,2023-11-21,5,Highly Recommend!,"Ka-Pow! Comics Cafe is a fantastic place. The coffee was great, and the comics selection was extensive. The atmosphere was perfect for relaxing with a good book."
AnimeEnthusiast123,2023-11-23,5,Ryan's Remarkable Refreshment,Ryan at Ka-Pow! Comics Cafe served up remarkable refreshment with the Iced Ka-pow! Cold Brew! It was exactly what I needed on a hot day—bold and refreshing. Ryan's passion for anime adds to the experience!
CoffeeAndComicsFanatic99,2023-11-25,4,"Good Coffee, Great Comics","Enjoyed my visit to Ka-Pow! Comics Cafe. The coffee was good, and the comics selection was great. The only downside was that it was a bit noisy at times."
CoffeeAndComicsFanatic44,2023-11-27,5,Fantastic Experience!,"Had a fantastic experience at Ka-Pow! Comics Cafe. The coffee was delicious, and the comics selection was impressive. Can't wait to come back!"
MangaMaven33,2023-11-29,4,Cozy Environment,"Ka-Pow! Comics Cafe had a cozy environment that was perfect for reading. The coffee was good, and the manga selection was decent. Would visit again."
ComicCraze33,2023-12-01,2,Not Worth It,"Found my visit to Ka-Pow! Comics Cafe underwhelming. The coffee was subpar, and the atmosphere felt cluttered. Won't be returning."
MangaMaven22,2023-12-03,5,Highly Recommended!,"Ka-Pow! Comics Cafe comes highly recommended. The manga selection is fantastic, and the themed drinks are delicious. Can't wait to visit again!"
HotChocolateLover777,2023-12-05,5,Hot Chocolate Bliss,"Blissful indulgence in the Hot Chocolate at Ka-Pow! Comics Cafe! Rich and creamy, with a perfect balance of sweetness. A comforting treat on a chilly day!"
DisappointedCustomer123,2023-12-07,1,Disappointed,"Arrived at Ka-Pow! Comics Cafe excited to try their coffee and explore their comics selection, but was extremely disappointed to find that the cafe was closed. No notice or indication of closure on their website or social media. Really bummed out."
ComicConnoisseur777,2023-12-09,5,Comic Cappuccino Bliss,"The Comic Cappuccino at Ka-Pow! Comics Cafe is pure bliss! Perfectly balanced espresso, steamed milk, and foam, with a dusting of cocoa on top. Perfection!"
MangaMagic456,2023-12-11,5,Jordan's Manga Mastery,Jordan at Ka-Pow! Comics Cafe is a manga master! They recommended some incredible titles and even helped me understand some complex storylines. Exceptional service!
EspressoEnthusiast1010,2023-12-13,5,Spider Espresso Excellence,"Ka-Pow! Comics Cafe serves up excellence with their Spider Espresso! Bold and flavorful, with a smooth finish. The friendly staff and cozy seating area make it the perfect spot to relax."
ComicConnoisseur777,2023-12-15,5,Jamie's Superb Superhero Latte,"Jamie at Ka-Pow! Comics Cafe makes a superb Superhero Latte! It was creamy and delicious, with just the right amount of sweetness. Jamie's enthusiasm for comics is infectious!"
MangaManiac666,2023-12-17,4,Enjoyable Visit,"Had an enjoyable visit to Ka-Pow! Comics Cafe. The coffee was good, and the manga selection was decent. Would have liked to see more seating options though."
AnimeEnthusiast123,2023-12-19,5,Ryan's Anime Assistance,Ryan at Ka-Pow! Comics Cafe provided excellent anime assistance! He recommended some fantastic series and even helped me understand the different genres. Amazing service!
CoffeeAndComicsFanatic66,2023-12-21,5,Love This Cafe!,"Ka-Pow! Comics Cafe is my favorite cafe in town! The coffee is amazing, and the comics selection is fantastic. Love the cozy atmosphere!"
MangaMaven22,2023-12-23,5,Fantastic Cafe!,"Ka-Pow! Comics Cafe is fantastic! The manga selection is impressive, and the themed drinks are delicious. Can't wait to come back!"
AnimeFan456,2023-12-25,5,Incredible Inuyasha Marathon,"Ka-Pow! Comics Cafe hosted an incredible Inuyasha marathon, and it was a blast! The Pow! Mocha was delicious, and watching Inuyasha and Kagome's adventures brought back so many memories. Kudos to the staff for organizing such a fun event!"
HulkFan456,2023-12-27,4,Hulk Herbal Infusion Relaxation,"Found relaxation in the Hulk Herbal Infusion at Ka-Pow! Comics Cafe! Soothing blend of chamomile, peppermint, and lemongrass. Perfect way to unwind!"
MangaManiac22,2023-12-29,4,Cozy Cafe,"Ka-Pow! Comics Cafe had a cozy atmosphere that was perfect for reading comics. The coffee was decent, and the manga selection was good. Overall, a pleasant experience."
DisappointedDrinker123,2023-12-31,2,Unpleasant Spider Espresso,"Tried the Spider Espresso at Ka-Pow! Comics Cafe and found it unpleasantly bitter. The dark chocolate hint was barely noticeable, and the overall taste was disappointing."
MangaMania66,2024-01-02,4,Good Selection,"Ka-Pow! Comics Cafe has a good selection of manga. The staff is helpful, but the coffee could be improved. Overall, a decent experience."
CoffeeAndComicsCrusader66,2024-01-04,5,Top-Notch Cafe!,"Ka-Pow! Comics Cafe exceeded my expectations. The coffee was top-notch, and the comics selection was extensive. The staff were attentive and made me feel welcome."
AmericanoAddict777,2024-01-06,4,Addicted to the Americano,"Addicted to the Americano at Ka-Pow! Comics Cafe! Bold and invigorating, just the way I like it. A perfect start to my day!"
ColdBrewConnoisseur1010,2024-01-08,5,Iced Ka-pow! Cold Brew Refreshment,"Refreshing refreshment from the Iced Ka-pow! Cold Brew at Ka-Pow! Comics Cafe! Smooth and bold, with a refreshing kick. Love the relaxed atmosphere and comic-themed decor!"
ComicConnoisseur777,2024-01-10,5,Awesome Place for Coffee and Comics,"Ka-Pow! Comics Cafe is awesome! The staff, especially Ryan, are passionate about comics and make great coffee. The Iced Ka-pow! Cold Brew was refreshing, and the comic selection is fantastic."
CoffeeAndComicsCrusader44,2024-01-12,4,Great Place to Hang Out,"Ka-Pow! Comics Cafe is a great place to hang out. The coffee is good, and the comics selection is extensive. Would have liked more seating options though."
ComicFan456,2024-01-14,5,Awesome Manga Macchiato with Ms. Marvel,Indulged in an awesome Manga Macchiato while engrossed in the adventures of Ms. Marvel at Ka-Pow! Comics Cafe. The smoothness of the macchiato perfectly complemented Kamala Khan's heroic journey. Such a delightful reading experience!
CoffeeAndComicsFanatic88,2024-01-16,4,Great Cafe!,"Ka-Pow! Comics Cafe is a great cafe. The coffee was good, and the comics selection was impressive. Would have liked to see more seating options though."
BrownieBlues1010,2024-01-18,2,Unsatisfying Vegan Brownies,"Tried the Vegan Brownies at Ka-Pow! Comics Cafe and was unsatisfied. They were dry and crumbly, with an odd aftertaste. Definitely won't be ordering again."
AnimeEnthusiast789,2024-01-20,5,Awesome Sailor Moon Screening,"Ka-Pow! Comics Cafe hosted an awesome Sailor Moon screening! It was nostalgic and magical, just like the series itself. The Black Widow Berry Bliss tea perfectly complemented the anime marathon. Can't wait for more events like this!"
MatchaManiac1010,2024-01-22,5,Green Lantern Matcha Latte Love,"Fell in love with the Green Lantern Matcha Latte at Ka-Pow! Comics Cafe! Creamy and vibrant, with a perfect balance of matcha and steamed milk. The comic-themed decor adds to the fun atmosphere!"
SandwichSorrow789,2024-01-23,3,Mediocre Superhero Sandwich,"Expected more from the Superhero Sandwich at Ka-Pow! Comics Cafe. The bread was dry, and the filling lacked flavor. Not worth the price."
AnimeEnthusiast456,2024-01-24,3,Friendly Atmosphere but Noisy Environment,"The staff, particularly Jamie, created a friendly atmosphere. However, the cafe was quite noisy, making it hard to enjoy my drink and relax. Would appreciate a quieter ambiance."
MangaMaven77,2024-01-25,3,Not Impressed,"Expected more from Ka-Pow! Comics Cafe. The coffee was average, and the manga selection was limited. Not sure if I'll be back."
ComicCraze,2024-01-26,4,Craze-Worthy Cafe,"Ka-Pow! Comics Cafe is craze-worthy indeed. The coffee is top-notch, and the atmosphere is perfect for diving into a good comic. Would love to see more events hosted here."
AnimeAddict1010,2024-01-27,5,Loved the Fullmetal Alchemist Brotherhood Marathon,"Ka-Pow! Comics Cafe hosted a Fullmetal Alchemist Brotherhood marathon, and it was fantastic! Sipping on my Heroic Hazelnut Brew while watching Ed and Al's adventures was the best way to spend the day. Highly recommend!"
CoffeeAndComicsFanatic66,2024-01-28,4,Solid Cafe,"Ka-Pow! Comics Cafe is a solid cafe for coffee and comics lovers. The coffee was decent, and the comics selection was impressive. Enjoyed my time here."
AnimeAdmirer1010,2024-01-29,5,Max's Musical Recommendations,"Max at Ka-Pow! Comics Cafe gave me musical recommendations too! Not only did he recommend great anime, but also some awesome anime-inspired music. Fantastic service!"
LatteLover1010,2024-01-30,5,Superhero Latte Heaven,"Ka-Pow! Comics Cafe never disappoints with their Superhero Latte! Creamy and indulgent, with the perfect balance of espresso and caramel syrup. Love the cozy atmosphere and friendly staff!"
MangaMastermind99,2024-01-31,4,Great Spot for Manga Fans,"Ka-Pow! Comics Cafe is a great spot for manga fans. The manga selection is impressive, but the coffee could be stronger. Still, a nice place to hang out."
TeaEnthusiast789,2024-02-01,5,Green Lantern Matcha Latte Love,"Absolutely loved the Green Lantern Matcha Latte at Ka-Pow! Comics Cafe! Creamy and vibrant, with a perfect balance of matcha and steamed milk."
AnimeEnthusiast123,2024-02-02,5,Great Place for Manga and Tea,"Ka-Pow! Comics Cafe is a great place to enjoy manga and tea! The staff, particularly Jordan, are knowledgeable and friendly. The Hulk Herbal Infusion was soothing, and the manga selection is impressive."
MangaManiac123,2024-02-03,4,Fantastic Superhero Latte with Saga,Had a fantastic Superhero Latte while diving into the epic world of Saga at Ka-Pow! Comics Cafe. The creamy sweetness of the latte enhanced the immersive experience of Brian K. Vaughan and Fiona Staples' masterpiece. A must-try combination!
CoffeeAndComicsCrusader77,2024-02-04,5,Awesome Place!,"Ka-Pow! Comics Cafe is an awesome place. The coffee was delicious, and the comics selection was vast. The staff were friendly and welcoming."
CoffeeAndComicsFanatic789,2024-02-05,4,Great Place!,"Ka-Pow! Comics Cafe is a great place to hang out. The coffee is good, and the comics selection is impressive. The atmosphere is cozy and inviting."
CoffeeAndComicsCrusader123,2024-02-06,4,Good Spot for Coffee and Comics,"Ka-Pow! Comics Cafe is a good spot for coffee and comics lovers. The coffee is good, and the comics selection is impressive. Would recommend!"
OolongObsessed1010,2024-03-16,4,Thor's Thunder Oolong Wonder,Tried Thor's Thunder Oolong at Ka-Pow! Comics Cafe and it was a wonder! Robust with a subtle sweetness. Definitely a tea worth trying!
ComicCraze44,2024-03-17,4,Great Cafe!,"Ka-Pow! Comics Cafe is a great cafe for coffee and comics lovers. The coffee is delicious, and the comics selection is extensive. Love this place!"
VeganVillain1010,2024-03-18,5,Villainous Vegan Brownie Bliss,"Blissful indulgence in the Villainous Vegan Brownies at Ka-Pow! Comics Cafe! Rich, chocolatey, and guilt-free. A must-try for vegans and non-vegans alike!"
CafeAuLaitFan333,2024-03-19,4,Cafe Au Lait Coziness,"Enjoyed the cozy Cafe Au Lait at Ka-Pow! Comics Cafe. Smooth and satisfying, with the perfect balance of coffee and steamed milk."
GraphicNovelGuru1010,2024-03-20,5,Taylor's Terrific Tea Recommendations,Taylor at Ka-Pow! Comics Cafe provided terrific tea recommendations! The Hulk Herbal Infusion they suggested was soothing and flavorful. Taylor's passion for graphic novels and beverages shines through!
ComicConnoisseur,2024-03-21,5,Connoisseur's Corner,"Ka-Pow! Comics Cafe is a corner of paradise for comic connoisseurs. The staff is friendly and knowledgeable, and the drinks are always satisfying. Love this place!"
MangaMaven66,2024-03-22,4,Great Manga Selection,"Ka-Pow! Comics Cafe has a great selection of manga. The staff is friendly, but the coffee could be better. Overall, a nice place to spend time."
GeekyGabriel,2024-03-23,5,Geek Heaven!,"Ka-Pow! Comics Cafe is like stepping into geek heaven. The staff is friendly, the decor is quirky, and the coffee is delicious. A must-visit for any comic or coffee lover!"
OtakuGuru456,2024-03-24,5,Best Place to Watch Anime,"This is hands down the best place to watch anime! Ka-Pow! Comics Cafe has a great selection playing on the screen, and the drinks are top-notch. Shoutout to the staff for making it such a welcoming environment!"
